<?xml version="1.0" encoding="UTF-8"?>
<!DOCTYPE mapper
  PUBLIC "-//mybatis.org//DTD Mapper 3.0//EN"
  "http://mybatis.org/dtd/mybatis-3-mapper.dtd">
<mapper namespace="food">
	<insert id="insert" parameterType="Food">
		insert into food
		values(#{code}, #{name}, #{supportpereat}, #{calory}, #{carbo}, #{protein}, 
		#{fat}, #{sugar}, #{natrium}, #{chole}, #{fattyacid}, #{transfat}, 
		#{transfat}, #{maker}, #{material}, #{img}, #{allergy})
	</insert>
	
	<select id="select" parameterType="int" resultType="Food">
		select * from food where code = #{code}
	</select>
	
	<select id="selectAll" parameterType="String" resultType="Food">
		select * from food
	</select>
	
	<select id="selectByName" parameterType="String" resultType="Food">
		select * from food where name like concat('%', #{name}, '%')
	</select>
	
	<select id="selectByMaker" parameterType="String" resultType="Food">
		select * from food where maker like concat('%', #{maker}, '%')
	</select>
	
	<select id="selectByCode" parameterType="int" resultType="Food">
		select * from food where code = #{code}
	</select>
	
	<select id="selectByMaterial" parameterType="String" resultType="Food">
		select * from food where material like concat('%', #{material}, '%')
	</select>
	
	<insert id="insertFoods" parameterType="Food">
		insert into food 
		values(#{code}, #{name}, #{maker}, #{material}, #{img},
		#{supportpereat}, #{calory}, #{carbo}, #{protein}, #{fat},
		#{sugar}, #{natrium}, #{chole}, #{fattyacid}, #{transfat})
	</insert>
	
	<!-- (code, name, maker, material, image,
		SERVING_WT, nutr_cont1, nutr_cont2, nutr_cont3, nutr_cont4,
		nutr_cont5, nutr_cont6, nutr_cont7, nutr_cont8, nutr_cont9) -->
	
</mapper>
