<?xml version="1.0" encoding="UTF-8"?>
<!DOCTYPE mapper
  PUBLIC "-//mybatis.org//DTD Mapper 3.0//EN"
  "http://mybatis.org/dtd/mybatis-3-mapper.dtd">
<mapper namespace="user">

	<insert id="insert" parameterType="User">
		 insert into person values(#{id}, #{pw}, #{name}, #{email})
	</insert>
	
	<delete id="delete" parameterType="String">
		delete from person where id=#{id}
	</delete>
	
	<update id="update" parameterType="User">
		update person set
		id = #{id},
		pw = #{pw},
		name = #{name},
		email = #{email}
		where id = #{id}
	</update>
	
	<select id="login" parameterType="map" resultType="String">
		select id from person where id=#{id} and pw=#{pw}
	</select>
	
	<select id="search" parameterType="String" resultType="User">
		select * from person where id=#{id}
	</select>
	
	
	

</mapper>















