<?xml version="1.0" encoding="UTF-8"?>
<!DOCTYPE configuration
  PUBLIC "-//mybatis.org//DTD Config 3.0//EN"
  "http://mybatis.org/dtd/mybatis-3-config.dtd">
<configuration>
	<typeAliases>
		<typeAlias type="com.ssafy.vo.Food" alias="Food"/>
		<typeAlias type="com.ssafy.vo.AllergyHasPerson" alias="AllergyHasPerson"/>
		<typeAlias type="com.ssafy.vo.PersonHasFood" alias="PersonHasFood"/>
		<typeAlias type="com.ssafy.vo.User" alias="User"/>
	</typeAliases>

	<mappers>
		<mapper resource="mapper/Food.xml"/>
		<mapper resource="mapper/AllergyHasPerson.xml"/>
		<mapper resource="mapper/PersonHasFood.xml"/>
		<mapper resource="mapper/User.xml"/>
	</mappers>
</configuration>  
